customerNumber,customerName,city,state,country,salesRepEmployeeNumber,creditLimit
103,Atelier graphique,Nantes,,France,1370,21000.0
112,Signal Gift Stores,Las Vegas,NV,USA,1166,71800.0
114,"Australian Collectors, Co.",Melbourne,Victoria,Australia,1611,117300.0
119,La Rochelle Gifts,Nantes,,France,1370,118200.0
121,Baane Mini Imports,Stavern,,Norway,1504,81700.0
124,Mini Gifts Distributors Ltd.,San Rafael,CA,USA,1165,210500.0
125,Havel & Zbyszek Co,Warszawa,,Poland,,0.0
128,"Blauer See Auto, Co.",Frankfurt,,Germany,1504,59700.0
129,Mini Wheels Co.,San Francisco,CA,USA,1165,64600.0
131,Land of Toys Inc.,NYC,NY,USA,1323,114900.0
141,Euro+ Shopping Channel,Madrid,,Spain,1370,227600.0
144,"Volvo Model Replicas, Co",Luleå,,Sweden,1504,53100.0
145,Danish Wholesale Imports,Kobenhavn,,Denmark,1401,83400.0
146,"Saveley & Henriot, Co.",Lyon,,France,1337,123900.0
148,"Dragon Souveniers, Ltd.",Singapore,,Singapore,1621,103800.0
151,Muscle Machine Inc,NYC,NY,USA,1286,138500.0
157,Diecast Classics Inc.,Allentown,PA,USA,1216,100600.0
161,Technics Stores Inc.,Burlingame,CA,USA,1165,84600.0
166,Handji Gifts& Co,Singapore,,Singapore,1612,97900.0
167,Herkku Gifts,Bergen,,Norway  ,1504,96800.0
168,American Souvenirs Inc,New Haven,CT,USA,1286,0.0
169,Porto Imports Co.,Lisboa,,Portugal,,0.0
171,Daedalus Designs Imports,Lille,,France,1370,82900.0
172,"La Corne D'abondance, Co.",Paris,,France,1337,84300.0
173,Cambridge Collectables Co.,Cambridge,MA,USA,1188,43400.0
175,Gift Depot Inc.,Bridgewater,CT,USA,1323,84300.0
177,Osaka Souveniers Co.,Kita-ku,Osaka,Japan,1621,81200.0
181,Vitachrome Inc.,NYC,NY,USA,1286,76400.0
186,"Toys of Finland, Co.",Helsinki,,Finland,1501,96500.0
187,"AV Stores, Co.",Manchester,,UK,1501,136800.0
189,"Clover Collections, Co.",Dublin,,Ireland,1504,69400.0
198,Auto-Moto Classics Inc.,Brickhaven,MA,USA,1216,23000.0
201,"UK Collectables, Ltd.",Liverpool,,UK,1501,92700.0
202,Canadian Gift Exchange Network,Vancouver,BC,Canada,1323,90300.0
204,Online Mini Collectables,Brickhaven,MA,USA,1188,68700.0
205,Toys4GrownUps.com,Pasadena,CA,USA,1166,90700.0
206,"Asian Shopping Network, Co",Singapore,,Singapore,,0.0
209,Mini Caravy,Strasbourg,,France,1370,53800.0
211,"King Kong Collectables, Co.",Central Hong Kong,,Hong Kong,1621,58600.0
216,Enaco Distributors,Barcelona,,Spain,1702,60300.0
219,Boards & Toys Co.,Glendale,CA,USA,1166,11000.0
223,Natürlich Autos,Cunewalde,,Germany,,0.0
227,Heintze Collectables,Århus,,Denmark,1401,120800.0
233,Québec Home Shopping Network,Montréal,Québec,Canada,1286,48700.0
237,ANG Resellers,Madrid,,Spain,,0.0
239,Collectable Mini Designs Co.,San Diego,CA,USA,1166,105000.0
240,giftsbymail.co.uk,Cowes,Isle of Wight,UK,1501,93900.0
242,Alpha Cognac,Toulouse,,France,1370,61100.0
247,Messner Shopping Network,Frankfurt,,Germany,,0.0
249,Amica Models & Co.,Torino,,Italy,1401,113000.0
250,Lyon Souveniers,Paris,,France,1337,68100.0
256,Auto Associés & Cie.,Versailles,,France,1370,77900.0
259,"Toms Spezialitäten, Ltd",Köln,,Germany,1504,120400.0
260,"Royal Canadian Collectables, Ltd.",Tsawassen,BC,Canada,1323,89600.0
273,"Franken Gifts, Co",München,,Germany,,0.0
276,"Anna's Decorations, Ltd",North Sydney,NSW,Australia,1611,107800.0
278,Rovelli Gifts,Bergamo,,Italy,1401,119600.0
282,Souveniers And Things Co.,Chatswood,NSW,Australia,1611,93300.0
286,Marta's Replicas Co.,Cambridge,MA,USA,1216,123700.0
293,BG&E Collectables,Fribourg,,Switzerland,,0.0
298,"Vida Sport, Ltd",Genève,,Switzerland,1702,141300.0
299,"Norway Gifts By Mail, Co.",Oslo,,Norway  ,1504,95100.0
303,Schuyler Imports,Amsterdam,,Netherlands,,0.0
307,Der Hund Imports,Berlin,,Germany,,0.0
311,"Oulu Toy Supplies, Inc.",Oulu,,Finland,1501,90500.0
314,Petit Auto,Bruxelles,,Belgium,1401,79900.0
319,Mini Classics,White Plains,NY,USA,1323,102700.0
320,Mini Creations Ltd.,New Bedford,MA,USA,1188,94500.0
321,Corporate Gift Ideas Co.,San Francisco,CA,USA,1165,105000.0
323,"Down Under Souveniers, Inc",Auckland  ,,New Zealand,1612,88000.0
324,"Stylish Desk Decors, Co.",London,,UK,1501,77000.0
328,Tekni Collectables Inc.,Newark,NJ,USA,1323,43000.0
333,"Australian Gift Network, Co",South Brisbane,Queensland,Australia,1611,51600.0
334,Suominen Souveniers,Espoo,,Finland,1501,98800.0
335,"Cramer Spezialitäten, Ltd",Brandenburg,,Germany,,0.0
339,"Classic Gift Ideas, Inc",Philadelphia,PA,USA,1188,81100.0
344,CAF Imports,Madrid,,Spain,1702,59600.0
347,"Men 'R' US Retailers, Ltd.",Los Angeles,CA,USA,1166,57700.0
348,"Asian Treasures, Inc.",Cork,Co. Cork,Ireland,,0.0
350,Marseille Mini Autos,Marseille,,France,1337,65000.0
353,Reims Collectables,Reims,,France,1337,81100.0
356,"SAR Distributors, Co",Hatfield,Pretoria,South Africa,,0.0
357,GiftsForHim.com,Auckland,,New Zealand,1612,77700.0
361,Kommission Auto,Münster,,Germany,,0.0
362,Gifts4AllAges.com,Boston,MA,USA,1216,41900.0
363,Online Diecast Creations Co.,Nashua,NH,USA,1216,114200.0
369,"Lisboa Souveniers, Inc",Lisboa,,Portugal,,0.0
376,Precious Collectables,Bern,,Switzerland,1702,0.0
379,Collectables For Less Inc.,Brickhaven,MA,USA,1188,70700.0
381,Royale Belge,Charleroi,,Belgium,1401,23500.0
382,Salzburg Collectables,Salzburg,,Austria,1401,71700.0
385,Cruz & Sons Co.,Makati City,,Philippines,1621,81500.0
386,L'ordine Souveniers,Reggio Emilia,,Italy,1401,121400.0
398,"Tokyo Collectables, Ltd",Minato-ku,Tokyo,Japan,1621,94400.0
406,Auto Canal+ Petit,Paris,,France,1337,95000.0
409,Stuttgart Collectable Exchange,Stuttgart,,Germany,,0.0
412,"Extreme Desk Decorations, Ltd",Wellington,,New Zealand,1612,86800.0
415,"Bavarian Collectables Imports, Co.",Munich,,Germany,1504,77000.0
424,Classic Legends Inc.,NYC,NY,USA,1286,67500.0
443,"Feuer Online Stores, Inc",Leipzig,,Germany,,0.0
447,Gift Ideas Corp.,Glendale,CT,USA,1323,49700.0
448,Scandinavian Gift Ideas,Bräcke,,Sweden,1504,116400.0
450,The Sharp Gifts Warehouse,San Jose,CA,USA,1165,77600.0
452,Mini Auto Werke,Graz,,Austria,1401,45300.0
455,Super Scale Inc.,New Haven,CT,USA,1286,95400.0
456,Microscale Inc.,NYC,NY,USA,1286,39800.0
458,"Corrida Auto Replicas, Ltd",Madrid,,Spain,1702,104600.0
459,Warburg Exchange,Aachen,,Germany,,0.0
462,FunGiftIdeas.com,New Bedford,MA,USA,1216,85800.0
465,"Anton Designs, Ltd.",Madrid,,Spain,,0.0
471,"Australian Collectables, Ltd",Glen Waverly,Victoria,Australia,1611,60300.0
473,Frau da Collezione,Milan,,Italy,1401,34800.0
475,West Coast Collectables Co.,Burbank,CA,USA,1166,55400.0
477,Mit Vergnügen & Co.,Mannheim,,Germany,,0.0
480,"Kremlin Collectables, Co.",Saint Petersburg,,Russia,,0.0
481,"Raanan Stores, Inc",Herzlia,,Israel,,0.0
484,"Iberia Gift Imports, Corp.",Sevilla,,Spain,1702,65700.0
486,Motor Mint Distributors Inc.,Philadelphia,PA,USA,1323,72600.0
487,Signal Collectibles Ltd.,Brisbane,CA,USA,1165,60300.0
489,"Double Decker Gift Stores, Ltd",London,,UK,1501,43300.0
495,Diecast Collectables,Boston,MA,USA,1188,85100.0
496,Kelly's Gift Shop,Auckland  ,,New Zealand,1612,110000.0
